"capability_id","name","domain","primary_persona","job_to_be_done","status","where_in_product","source_of_truth","proof_type","proof_file","limitations","website_claim_short","website_claim_long","website_section","website_coverage","priority","next_validation_step"
"CAP-001","Sportlink member sync","Data sync","Secretary","Keep member records current without manual export/import","claimed","Sync settings + nightly jobs","src/i18n/translations.ts:integration.sync.desc","Video + screenshot","docs/capability-audit/proofs/CAP-001-sync-run.mp4","Frequency and error handling still to verify","Automatisch gesynchroniseerd met Sportlink","Rondo Sync haalt wijzigingen op en verwerkt die in gekoppelde systemen.","IntegrationDiagram","clear","P0","Run a full sync with one create, one update, one cancellation test member"
"CAP-002","Unified member profile","Member admin","Secretary","See complete person context in one place","claimed","Leden > Persoon detail","src/i18n/translations.ts:gallery.caption.personDetail","Screenshot set","docs/capability-audit/proofs/CAP-002-person-profile.png","Field-level completeness to verify","Compleet persoonsprofiel","Alle relevante lidinformatie op één profiel.","FeatureGallery","clear","P1","Validate all profile panels with real club dataset"
"CAP-003","Family relationship detection","Member admin","Treasurer","Apply family-related dues logic and visibility","claimed","Leden > Gezinsrelaties / contributieregels","src/i18n/translations.ts:product.card3.solution","Screenshot + rule test","docs/capability-audit/proofs/CAP-003-family-rules.png","Edge cases for blended families unknown","Gezinnen automatisch herkend","Rondo herkent gezinnen zodat regels niet handmatig hoeven.","ProductStory","clear","P1","Test 3 family scenarios including duplicate surname mismatch"
"CAP-004","Role-based access control","Security","Board","Limit volunteers to only needed data","claimed","Instellingen > Rollen/Rechten","src/i18n/translations.ts:product.card5.solution","Permission matrix","docs/capability-audit/proofs/CAP-004-permissions.csv","Granularity per field unknown","Toegang op maat","Iedereen ziet wat nodig is en niet meer.","ProductStory","clear","P0","Create 3 roles and verify restricted views via separate accounts"
"CAP-005","VOG status tracking","Compliance","VOG coordinator","Track valid/expired VOG status per volunteer","claimed","VOG overzicht","src/i18n/translations.ts:product.card2.solution","Screenshot","docs/capability-audit/proofs/CAP-005-vog-overview.png","Renewal workflow needs full validation","VOG direct zichtbaar","Per persoon is direct zichtbaar of VOG geldig is.","ProductStory; FeatureGallery","clear","P0","Verify status transitions and filtering"
"CAP-006","Automatic VOG reminders","Compliance","VOG coordinator","Reduce missed renewals","claimed","VOG acties / scheduler","src/i18n/translations.ts:gallery.caption.vogActions","Email proof + audit log","docs/capability-audit/proofs/CAP-006-vog-reminder-email.eml","Recipient rules unknown","Automatische herinneringen","Verlopen VOG wordt opgevolgd met reminders.","ProductStory; FeatureGallery","clear","P1","Trigger reminder on expired test VOG and confirm recipients"
"CAP-007","Laposta list sync","Communication","Secretary","Keep mailing lists up to date automatically","claimed","Integraties > Laposta","src/i18n/translations.ts:product.card4.solution","Before/after list export","docs/capability-audit/proofs/CAP-007-laposta-sync.csv","Latency and retry policy unknown","Mailinglijsten altijd actueel","Ledenstromen synchroniseren automatisch naar Laposta.","ProductStory; IntegrationDiagram","clear","P1","Create and remove member, verify list diff"
"CAP-008","FreeScout contact context sync","Support","Support volunteer","Identify member context while handling emails","claimed","Integraties > FreeScout","src/i18n/translations.ts:integration.freescout.desc","Inbox screenshot","docs/capability-audit/proofs/CAP-008-freescout-context.png","Depth of synced fields unknown","Contactgegevens altijd actueel","Lidgegevens worden contextueel getoond in support inbox.","IntegrationDiagram","clear","P2","Open a member email and verify contextual fields"
"CAP-009","Team management views","Operations","Secretary","Manage teams and members without spreadsheets","claimed","Teams overzicht + team detail","src/i18n/translations.ts:gallery.caption.teamsOverview","Screenshots","docs/capability-audit/proofs/CAP-009-teams.png","Bulk actions unknown","Teams in overzicht","Teams en teamdetails centraal beschikbaar.","FeatureGallery","clear","P2","Verify team assignment and role updates"
"CAP-010","Committee management views","Operations","Secretary","Manage committee composition and roles","claimed","Commissies overzicht + detail","src/i18n/translations.ts:gallery.caption.committeeDetail","Screenshots","docs/capability-audit/proofs/CAP-010-committees.png","Permission boundaries unknown","Commissies en rollen","Commissiesamenstelling en rollen centraal beheren.","FeatureGallery","clear","P2","Validate add/remove committee member flow"
"CAP-011","Dues rules engine","Finance","Treasurer","Define contribution rules per team/category","claimed","Contributie > Regels","src/i18n/translations.ts:invoicing.dues.rules","Rule test matrix","docs/capability-audit/proofs/CAP-011-dues-rules.csv","Complex exceptions unknown","Contributieregels per team","Regels per team/categorie met automatische toepassing.","InvoicingHighlight","clear","P0","Execute test members through rule combinations"
"CAP-012","Bulk invoicing","Finance","Treasurer","Generate invoices for all eligible members quickly","claimed","Contributie > Bulk facturatie","src/i18n/translations.ts:invoicing.dues.bulk","Run log + invoice count","docs/capability-audit/proofs/CAP-012-bulk-invoicing.png","Throughput limits unknown","Bulk facturatie","Factureer alle leden in één run.","InvoicingHighlight","clear","P0","Generate invoices for full staging dataset and compare expected count"
"CAP-013","Installment plans","Finance","Treasurer","Offer split payments to members","claimed","Facturen > Termijnen","src/i18n/translations.ts:invoicing.dues.installments","Checkout + invoice plan screenshot","docs/capability-audit/proofs/CAP-013-installments.png","Partial payment handling unknown","Termijnbetalingen","Betaling in 3 of 8 termijnen via persoonlijke betaalpagina.","InvoicingHighlight","clear","P1","Create one 3-term and one 8-term test plan"
"CAP-014","Payment reminders","Finance","Treasurer","Follow up unpaid invoices automatically","claimed","Facturen > Herinneringen","src/i18n/translations.ts:invoicing.dues.reminders","Reminder email + timeline","docs/capability-audit/proofs/CAP-014-payment-reminders.png","Exact day offsets and escalation path to verify","Automatische herinneringen","Herinneringen na 14 en 21 dagen inclusief interne notificatie.","InvoicingHighlight","clear","P0","Create overdue invoice and verify both reminder stages"
"CAP-015","Personalized invoice emails","Finance","Treasurer","Send branded and contextual communication","claimed","Facturen > E-mail templates","src/i18n/translations.ts:invoicing.dues.emails","Template screenshot + sent mail","docs/capability-audit/proofs/CAP-015-email-template.png","Template variable coverage unknown","Gepersonaliseerde e-mails","Templates met voornaam en clubstijl voor verschillende factuurtypes.","InvoicingHighlight","clear","P2","Render templates with edge-case names and diacritics"
"CAP-016","Disciplinary case invoicing link","Compliance + Finance","Secretary","Tie tuchtzaak costs directly to invoices","claimed","Tuchtzaken > Facturatie","src/i18n/translations.ts:invoicing.disciplinary.linked","Entity link screenshot","docs/capability-audit/proofs/CAP-016-disciplinary-link.png","Many-to-one case scenarios unknown","Factuur gekoppeld aan tuchtzaak","Geen dubbel werk tussen tuchtzaak en factuurbeheer.","InvoicingHighlight","clear","P1","Create tuchtzaak and verify invoice linkage and navigation"
"CAP-017","Auto admin fee on disciplinary invoices","Finance","Treasurer","Apply fixed overhead fee consistently","claimed","Financiële instellingen","src/i18n/translations.ts:invoicing.disciplinary.admin","Settings + invoice screenshot","docs/capability-audit/proofs/CAP-017-admin-fee.png","Rounding behavior unknown","Administratiekosten automatisch","Administratiekosten worden automatisch toegevoegd volgens instellingen.","InvoicingHighlight","clear","P2","Set fee and verify line item on generated invoice"
"CAP-018","iDEAL payments","Payments","Treasurer","Allow trusted online payments","claimed","Betaalpagina","src/i18n/translations.ts:invoicing.both.ideal","Checkout screenshot","docs/capability-audit/proofs/CAP-018-ideal-checkout.png","Provider fallback unknown","Betalen via iDEAL","Leden betalen direct via iDEAL/Wero.","InvoicingHighlight","clear","P0","Complete payment in test mode and verify settlement status"
"CAP-019","Automatic payment status updates","Payments","Treasurer","Avoid manual reconciliation","claimed","Facturen overzicht","src/i18n/translations.ts:invoicing.both.status","Status timeline screenshot","docs/capability-audit/proofs/CAP-019-payment-status.png","Webhook retry and failure modes unknown","Automatische betaalstatus","Factuurstatus wordt automatisch bijgewerkt na betaling.","InvoicingHighlight","clear","P0","Run paid/failed/refunded scenarios and capture transitions"
"CAP-020","PDF invoices with QR and payment link","Payments","Treasurer","Share compliant invoices quickly","claimed","Facturen > PDF","src/i18n/translations.ts:invoicing.both.pdf","PDF artifact","docs/capability-audit/proofs/CAP-020-invoice-pdf.pdf","Localization options unknown","Professionele PDF-facturen","PDF met QR-code, regels en duidelijke betaallink.","InvoicingHighlight","clear","P1","Generate PDF and verify fields with invoice fixture"
"CAP-021","Manual finance controls","Finance ops","Treasurer","Handle exceptions and follow-up tasks","claimed","Factuur detail acties","src/i18n/translations.ts:invoicing.both.control","Action log screenshots","docs/capability-audit/proofs/CAP-021-finance-controls.png","Audit trail depth unknown","Volledige controle","Versturen, opnieuw versturen, markeren als betaald en historie bekijken.","InvoicingHighlight","clear","P1","Execute each control action and verify audit logs"
"CAP-022","Finance dashboard overview","Finance","Treasurer","See what needs attention at a glance","claimed","Dashboard > Finance","src/i18n/translations.ts:product.card7.solution","Dashboard screenshot + task list","docs/capability-audit/proofs/CAP-022-finance-dashboard.png","Widget definitions and freshness unknown","Finance dashboard","Overzicht van openstaand, recente betalingen en urgente acties.","Hero; ProductStory; InvoicingHighlight","clear","P0","Validate KPI math against raw invoice ledger"
"CAP-023","Apple Wallet membership pass","Access control","Gate volunteer","Provide fast digital membership proof","claimed","Lidprofiel > Pas export","src/i18n/translations.ts:product.card6.solution","Wallet pass screenshot","docs/capability-audit/proofs/CAP-023-apple-pass.png","Revocation and pass updates unknown","Apple ledenpas","Ledenpas beschikbaar voor Apple Wallet.","Hero; ProductStory","clear","P0","Issue pass for test member and verify validity changes on update"
"CAP-024","Google Wallet membership pass","Access control","Gate volunteer","Provide fast digital membership proof","claimed","Lidprofiel > Pas export","src/i18n/translations.ts:product.card6.solution","Wallet pass screenshot","docs/capability-audit/proofs/CAP-024-google-pass.png","Device compatibility unknown","Google ledenpas","Ledenpas beschikbaar voor Google Wallet.","Hero; ProductStory","clear","P0","Issue pass on Android test device and validate fields"
"CAP-025","Built-in web pass scanner","Access control","Gate volunteer","Scan and validate membership at entry","claimed","Webapp > Scanner","src/i18n/translations.ts:hero.subline","Scanner flow video","docs/capability-audit/proofs/CAP-025-pass-scanner.mp4","Offline behavior unknown","Ingebouwde pas-scanner","Scan direct in webapp en zie direct lidstatus.","Hero; ProductStory","clear","P0","Scan valid, expired, and unknown pass cases"
"CAP-026","Data export and ownership","Governance","Board","Retain control when leaving service","claimed","Instellingen > Export / support flow","src/components/sections/BusinessCase.astro:trust-bar","Export file + SOP","docs/capability-audit/proofs/CAP-026-data-export.zip","Scope and format guarantees to verify","Je data blijft van jou","Klub kan data exporteren en eigenaarschap behouden.","BusinessCase; FAQ","clear","P1","Perform full export and validate data completeness"
"CAP-027","EU hosting and GDPR posture","Governance","Board","Reduce legal and compliance risk","claimed","Hosting + legal docs","src/pages/made-in-europe.astro","Architecture doc + legal refs","docs/capability-audit/proofs/CAP-027-eu-hosting.md","Subprocessor list freshness unknown","Europese servers","Data blijft in de EU en verwerking volgt AVG/GDPR.","Made in Europe; Privacybeleid","clear","P1","Verify hosting regions and subprocessor contracts"
"CAP-028","Open source code availability","Governance","ICT volunteer","Allow independent technical validation","claimed","GitHub repository","src/pages/made-in-europe.astro:open source section","Repo snapshot","docs/capability-audit/proofs/CAP-028-github-snapshot.md","License and module split verification needed","Open source, geen lock-in","Broncode is beschikbaar en zelfhosten blijft mogelijk.","Made in Europe; Pricing; FAQ","clear","P2","Validate repositories, licenses, and release process"
"CAP-029","Demo environment","Adoption","Secretary","Evaluate fit before contact/purchase","claimed","https://demo.rondo.club","src/components/sections/Hero.astro:hero.demo.hint","Login + feature walk video","docs/capability-audit/proofs/CAP-029-demo-walkthrough.mp4","Demo data freshness unknown","Probeer de demo","Open demo met direct inlogbare testaccount.","Hero; InvoicingHighlight","clear","P1","Run scripted walkthrough and log stale/broken paths"
