"capability_id","page","section","mention_quality","screenshot_proof","screenshot_assets","current_copy_reference","recommended_change"
"CAP-001","/","IntegrationDiagram","clear","none","","integration.sync.desc","Keep nightly-sync claim; add one sync-run screenshot or short clip before stronger reliability claims."
"CAP-002","/","FeatureGallery + ProductStory","clear","explicit","/screenshot-persoons-detail-scherm.webp","gallery.caption.personDetail","Keep claim; add one caption line naming the key profile blocks shown."
"CAP-003","/","ProductStory + FeatureGallery","clear","implicit","/screenshot-contributie-regels.webp","product.card3.solution","Add one dedicated family-relationship screenshot (parent + siblings) before claiming automatic detection."
"CAP-004","/","ProductStory","clear","none","","product.card5.solution","Add roles/permissions screenshot and mention concrete role examples (secretary, treasurer, volunteer)."
"CAP-005","/","ProductStory + FeatureGallery","clear","explicit","/screenshot-vog-overzicht.webp","product.card2.solution","Keep claim; add one short line on expiry states shown in the screenshot."
"CAP-006","/","ProductStory + FeatureGallery","clear","explicit","/screenshot-vog-acties.webp","gallery.caption.vogActions","Keep claim; tighten copy to include reminder timing and recipients."
"CAP-007","/","ProductStory + IntegrationDiagram","clear","none","","product.card4.solution","Add Laposta before/after list screenshot in Integration or Gallery."
"CAP-008","/","IntegrationDiagram","clear","none","","integration.freescout.desc","Add FreeScout context screenshot (member card next to ticket thread)."
"CAP-009","/","FeatureGallery","clear","explicit","/screenshot-teams-overzicht.webp | /screenshot-team-detail.webp","gallery.caption.teamsOverview","Keep claim; add one workflow line from overview to assignment update."
"CAP-010","/","FeatureGallery","clear","explicit","/screenshot-commissie-overzicht.webp | /screenshot-commissie-detail.webp","gallery.caption.committeesOverview","Keep claim; add one workflow line for adding/removing committee members."
"CAP-011","/","InvoicingHighlight + FeatureGallery","clear","explicit","/screenshot-contributie-regels.webp","invoicing.dues.rules","Keep claim; add one concrete example rule set in copy."
"CAP-012","/","InvoicingHighlight + FeatureGallery","clear","implicit","/screenshot-contributie-overzicht.webp","invoicing.dues.bulk","Add explicit bulk-run screenshot (with run action + result count)."
"CAP-013","/","InvoicingHighlight","clear","none","","invoicing.dues.installments","Add installment flow screenshot and tighten line to 3/8-term path outcome."
"CAP-014","/","InvoicingHighlight","clear","none","","invoicing.dues.reminders","Add reminder timeline screenshot (day 14/day 21) to support automation claim."
"CAP-015","/","InvoicingHighlight","clear","none","","invoicing.dues.emails","Add template editor or sent-email screenshot for personalization proof."
"CAP-016","/","InvoicingHighlight + FeatureGallery","clear","implicit","/screenshot-tuchtzaken.webp | /screenshot-persoons-detail-scherm-tucht.webp","invoicing.disciplinary.linked","Add screenshot that visibly links a disciplinary case to a generated invoice."
"CAP-017","/","InvoicingHighlight","clear","none","","invoicing.disciplinary.admin","Add settings screenshot with admin-fee configuration and resulting line item."
"CAP-018","/","InvoicingHighlight","clear","none","","invoicing.both.ideal","Add payment checkout screenshot showing iDEAL/Wero path."
"CAP-019","/","InvoicingHighlight + FeatureGallery","clear","implicit","/screenshot-contributie-overzicht.webp","invoicing.both.status","Add status timeline screenshot with transition history."
"CAP-020","/","InvoicingHighlight","clear","none","","invoicing.both.pdf","Add redacted PDF preview screenshot with QR and payment link."
"CAP-021","/","InvoicingHighlight","clear","none","","invoicing.both.control","Add actions screenshot (send/resend/mark paid/download/history) in one panel."
"CAP-022","/","Hero + ProductStory + InvoicingHighlight + FeatureGallery","clear","explicit-placeholder","/screenshot-finance-dashboard.webp | /screenshot-finance-actions.webp","product.card7.solution","Replace placeholder assets with real dashboard/action screenshots."
"CAP-023","/","Hero + ProductStory + FeatureGallery","clear","explicit-placeholder","/screenshot-wallet-apple.webp","product.card6.solution","Replace placeholder asset with a real Apple Wallet pass screenshot."
"CAP-024","/","Hero + ProductStory + FeatureGallery","clear","explicit-placeholder","/screenshot-wallet-google.webp","product.card6.solution","Replace placeholder asset with a real Google Wallet pass screenshot."
"CAP-025","/","Hero + ProductStory + FeatureGallery","clear","explicit-placeholder","/screenshot-pass-scanner.webp","hero.subline","Replace placeholder asset with real scanner validation states."
"CAP-026","/","BusinessCase + FAQ","clear","none","","business.trust.data","Add export-format proof snippet (fields, format, turnaround) near FAQ."
"CAP-027","/made-in-europe + /privacybeleid","clear","none","","made-in-europe page content","Keep claim text-only; add dated infra evidence link in docs, not homepage screenshots."
"CAP-028","/made-in-europe + /prijzen + /faq","clear","none","","opensource mentions","Keep claim text-only; add direct repo links and release-tag references."
"CAP-029","/","Hero + InvoicingHighlight","clear","none","","hero.demo.hint","Keep demo CTA; add one explicit line defining demo scope and freshness."
